{
	"iPhone 6s": {
		"Filter": {
			"maxCameraPoses": 10
		}
	},
	"iPhone 6s Plus": {
		"Camera": {
			"fx":516.6646069618769,
            "fy":516.1329624052347,
            "cx":315.1658741349053,
            "cy":178.056009946498,
            "k1":0,
            "k2":0,
            "k3":0,
            "p1":0,
            "p2":0,
			"cameraDelayTime": 0.006454570883798305
		},
		"Imu": {
			"Tcb": {
				"rows": 4,
				"cols": 4,
				"data": [
					-0.0054,
					-1,
					0.0006,
					0.0121,
					-1,
					0.0054,
					-0.0053,
					0.0747,
					0.0053,
					-0.0007,
					-1,
					-0.0083,
					0,
					0,
					0,
					1
				]
			}
		}
	},
	"iPhone SE": {
		"Camera": {
			"fx":535.45,
            "fy":535.02,
            "cx":320.88,
            "cy":177.91,
            "k1":0,
            "k2":0,
            "k3":0,
            "p1":0,
            "p2":0,
			"cameraDelayTime": 0.005608284758548169
		},
		"Imu": {
			"Tcb": {
				"rows": 4,
				"cols": 4,
				"data": [
					0,
					-1,
					0.0008,
					0.0036,
					-1,
					0,
					0.0034,
					0.023,
					-0.0034,
					-0.0008,
					-1,
					0.003,
					0,
					0,
					0,
					1
				]
			}
		}
	},
	"iPhone 7": {
		"Camera": {
			"fx":502.4462496918846,
            "fy":501.8041944701531,
            "cx":315.1683248462446,
            "cy":177.6725924175229,
            "k1":0,
            "k2":0,
            "k3":0,
            "p1":0,
            "p2":0,
			"cameraDelayTime": 0.000756502602057
		},
		"Imu": {
			"Tcb": {
				"rows": 4,
				"cols": 4,
				"data": [
					0.002,
					-0.9945,
					-0.1044,
					0.012,
					-1,
					-0.0016,
					-0.004,
					0.0731,
					0.0038,
					0.1044,
					-0.9945,
					-0.0016,
					0,
					0,
					0,
					1
				]
			}
		}
	},
	"iPhone 7 Plus": {
		"Camera": {
			"fx":504.7912222493391,
            "fy":504.6390249359408,
            "cx":316.0974207763173,
            "cy":175.2451467034931,
            "k1":0,
            "k2":0,
            "k3":0,
            "p1":0,
            "p2":0,
			"cameraDelayTime": 0.000859382387546
		},
		"Imu": {
			"Tcb": {
				"rows": 4,
				"cols": 4,
				"data": [
					-0.0003,
					-0.9998,
					0.0205,
					0.0141,
					-0.9999,
					0.0006,
					0.0128,
					0.0842,
					-0.0128,
					-0.0205,
					-0.9997,
					0.0014,
					0,
					0,
					0,
					1
				]
			}
		}
	},
	"iPhone 8": {
		"Camera": {
			"fx":483.4100024067707,
            "fy":483.5846651429996,
            "cx":316.6683860157517,
            "cy":176.25833009002,
            "k1":0,
            "k2":0,
            "k3":0,
            "p1":0,
            "p2":0,
			"cameraDelayTime": 0.00000412059011053
		},
		"Imu": {
			"Tcb": {
				"rows": 4,
				"cols": 4,
				"data": [
					-0.0044,
					-1,
					-0.0046,
					0.013,
					-1,
					0.0044,
					-0.0054,
					0.0437,
					0.0054,
					0.0046,
					-1,
					0.002,
					0,
					0,
					0,
					1
				]
			}
		}
	},
	"iPhone 8 Plus": {
		"Camera": {
			"fx":487.6389317064445,
            "fy":487.2292280771868,
            "cx":316.7479113693202,
            "cy":177.3206533424004,
            "k1":0,
            "k2":0,
            "k3":0,
            "p1":0,
            "p2":0,
			"cameraDelayTime": 0.00004967998893928675
		},
		"Imu": {
			"Tcb": {
				"rows": 4,
				"cols": 4,
				"data": [
					-0.0021,
					-1,
					0.006,
					0.0141,
					-1,
					0.0021,
					0.0044,
					0.049,
					-0.0044,
					-0.0059,
					-1,
					0.0057,
					0,
					0,
					0,
					1
				]
			}
		}
	},
	"iPhone X": {
		"Camera": {
			"fx":481.3014524962406,
            "fy":481.016580102798,
            "cx":320.157051428759,
            "cy":181.165137937565,
            "k1":0,
            "k2":0,
            "k3":0,
            "p1":0,
            "p2":0,
			"cameraDelayTime": 0.0002343298454953059
		},
		"Imu": {
			"Tcb": {
				"rows": 4,
				"cols": 4,
				"data": [
					-0.0044,
					-0.9999,
					-0.0136,
					0.0095,
					-1,
					0.0043,
					0.0083,
					0.0324,
					-0.0083,
					0.0136,
					-0.9999,
					0.0035,
					0,
					0,
					0,
					1
				]
			}
		}
	},
	"iPad Pro 12.9-inch": {
		"Camera": {
			"fx":575.2644357420963,
            "fy":575.2651232904676,
            "cx":319.5983843104875,
            "cy":185.1311714027892,
            "k1":0,
            "k2":0,
            "k3":0,
            "p1":0,
            "p2":0,
			"cameraDelayTime": 0.00137741867195
		},
		"Imu": {
			"Tcb": {
				"rows": 4,
				"cols": 4,
				"data": [
					0.0019,
					-1,
					0.0085,
					0.0835,
					-0.9999,
					-0.0018,
					0.0149,
					0.1119,
					-0.0149,
					-0.0085,
					-0.9999,
					0.0063,
					0,
					0,
					0,
					1
				]
			}
		}
	},
	"iPad Pro 9.7-inch": {
		"Camera": {
			"fx":536.0154082366737,
            "fy":536.0473539075743,
            "cx":319.4548691818921,
            "cy":175.7217692707778,
            "k1":0,
            "k2":0,
            "k3":0,
            "p1":0,
            "p2":0,
			"cameraDelayTime": 0.00547184577978
		},
		"Imu": {
			"Tcb": {
				"rows": 4,
				"cols": 4,
				"data": [
					0.0037,
					-1,
					-0.0008,
					0.0087,
					-1,
					-0.0037,
					0.0018,
					0.05,
					-0.0018,
					0.0008,
					-1,
					0.0008,
					0,
					0,
					0,
					1
				]
			}
		}
	},
	"iPad Pro 10.5-inch": {
		"Camera": {
			"fx":532.5855938902472,
            "fy":532.4494436777114,
            "cx":315.5282619537013,
            "cy":177.1479250035693,
            "k1":0,
            "k2":0,
            "k3":0,
            "p1":0,
            "p2":0,
			"cameraDelayTime": 0.00592709703545
		},
		"Imu": {
			"Tcb": {
				"rows": 4,
				"cols": 4,
				"data": [
					-0.0101,
					-0.9999,
					0.001,
					0.0108,
					-0.9997,
					0.0101,
					0.0214,
					0.0486,
					-0.0214,
					-0.0008,
					-0.9998,
					-0.0009,
					0,
					0,
					0,
					1
				]
			}
		}
	},
	"default": {
		"Camera": {
			"fx":534.18,
            "fy":531.64,
            "cx":321.48,
            "cy":178.01,
            "k1":0,
            "k2":0,
            "k3":0,
            "p1":0,
            "p2":0,
			"cameraDelayTime": 0.006,
			"cameraReadoutTime": 0.015,
			"imageNoiseVariance": 1,
			"cameraDelayRandomWalkVariance": 0,
			"cameraFocalRandomWalkVariance": 0
		},
		"ORBextractor": {
			"nFeatures": 200
		},
		"Imu": {
			"Ts": {
				"rows": 3,
				"cols": 3,
				"data": [
					0,
					0,
					0,
					0,
					0,
					0,
					0,
					0,
					0
				]
			},
			"Tg": {
				"rows": 3,
				"cols": 3,
				"data": [
					1,
					0,
					0,
					0,
					1,
					0,
					0,
					0,
					1
				]
			},
			"Ta": {
				"rows": 3,
				"cols": 3,
				"data": [
					1,
					0,
					0,
					0,
					1,
					0,
					0,
					0,
					1
				]
			},
			"accelerometerBias": {
				"rows": 3,
				"cols": 1,
				"data": [
					0,
					0,
					0
				]
			},
			"gyroscopeBias": {
				"rows": 3,
				"cols": 1,
				"data": [
					0,
					0,
					0
				]
			},
			"globalGravity": {
				"rows": 3,
				"cols": 1,
				"data": [
					0,
					0,
					-9.7936
				]
			},
			"accelerometerVariance": 0.002393,
			"accelerometerRandomWalkVariance": 0.000439,
			"gyroscopeVariance": 0.00033,
			"gyroscopeRandomWalkVariance": 0.00004,
			"Tcb": {
				"rows": 4,
				"cols": 4,
				"data": [
					-0.00470242,
					-0.99997477,
					-0.00532444,
					0.00001124,
					-0.99997036,
					0.00466981,
					0.00612101,
					0.06502317,
					-0.00609599,
					0.00535306,
					-0.99996709,
					0.00406283,
					0,
					0,
					0,
					1
				]
			}
		},
		"Filter": {
			"maxCameraPoses": 10,
			"maxSLAMFeatures": 10,
			"maxTriangulationIterations": 10
		},
		"Noise": {
			"orientation": {
				"rows": 3,
				"cols": 1,
				"data": [
					0.01,
					0.01,
					0.01
				]
			},
			"position": {
				"rows": 3,
				"cols": 1,
				"data": [
					0.001,
					0.001,
					0.001
				]
			},
			"velocity": {
				"rows": 3,
				"cols": 1,
				"data": [
					0.01,
					0.01,
					0.01
				]
			},
			"gyroscopeBias": {
				"rows": 3,
				"cols": 1,